run_id	track	job_id	system_id	instance_id	system_ref	system_sha256	input_ref	input_sha256	software	version	runner	threads	field	order	hardware_track	timeout_s	memory_limit_mb	status	exit_code	wall_time_seconds	process_wall_time_seconds	started_at_utc	finished_at_utc	runner_host	runner_os	runner_processor	runner_machine	runner_cpu_count	runner_word_size	runner_python	log_ref	command
apply-cyclic-2-groebner	apply_vs_axf4__gentle_ember_seal	apply-cyclic-2-groebner	cyclic	cyclic-2	systems/cyclic/cyclic.md	9543940fa51f986c12030354f456065aeae1ae981d2d67f9d1522d99df462e01	systems/cyclic/txt/cyclic_2.txt	4792c90961eda17be6a20ad6c742b91dbea397967aa395ed7d49cca80bd53a06	Groebner.groebner	0.10.3	groebner_jl	8	GF(2147483647)	degrevlex		60		ok	0	0.0003902	15.951434	2026-05-16T09:19:29Z	2026-05-16T09:19:45Z	DESKTOP-RAOJN57	Windows-10-10.0.19045-SP0	Intel64 Family 6 Model 142 Stepping 10, GenuineIntel	AMD64	8	64	3.10.0	results/apply_vs_axf4__gentle_ember_seal/logs/apply-cyclic-2-groebner.log	"C:\Users\User\AppData\Local\Microsoft\WindowsApps\julia.EXE --startup-file=no C:\Users\User\AppData\Local\Temp\gbbench-groebner-jl-q3_czvou\groebner_jl_worker.jl --input ""C:\projects\Alexander Demin\gb_benchmarks\systems\cyclic\txt\cyclic_2.txt"" --field GF(2147483647) --order degrevlex --threads 8 --method groebner"
apply-cyclic-2-groebner-apply	apply_vs_axf4__gentle_ember_seal	apply-cyclic-2-groebner-apply	cyclic	cyclic-2	systems/cyclic/cyclic.md	9543940fa51f986c12030354f456065aeae1ae981d2d67f9d1522d99df462e01	systems/cyclic/txt/cyclic_2.txt	4792c90961eda17be6a20ad6c742b91dbea397967aa395ed7d49cca80bd53a06	Groebner.groebner_apply!	0.10.3	groebner_jl	8	GF(2147483647)	degrevlex		60		ok	0	0.0005109	6.340589	2026-05-16T09:19:45Z	2026-05-16T09:19:52Z	DESKTOP-RAOJN57	Windows-10-10.0.19045-SP0	Intel64 Family 6 Model 142 Stepping 10, GenuineIntel	AMD64	8	64	3.10.0	results/apply_vs_axf4__gentle_ember_seal/logs/apply-cyclic-2-groebner-apply.log	"C:\Users\User\AppData\Local\Microsoft\WindowsApps\julia.EXE --startup-file=no C:\Users\User\AppData\Local\Temp\gbbench-groebner-jl-q3_czvou\groebner_jl_worker.jl --input ""C:\projects\Alexander Demin\gb_benchmarks\systems\cyclic\txt\cyclic_2.txt"" --field GF(2147483647) --order degrevlex --threads 8 --method groebner_apply!"
apply-cyclic-2-axf4-t1	apply_vs_axf4__gentle_ember_seal	apply-cyclic-2-axf4-t1	cyclic	cyclic-2	systems/cyclic/cyclic.md	9543940fa51f986c12030354f456065aeae1ae981d2d67f9d1522d99df462e01	systems/cyclic/txt/cyclic_2.txt	4792c90961eda17be6a20ad6c742b91dbea397967aa395ed7d49cca80bd53a06	axf4 -t 1	local-copy	axf4	1	GF(2147483647)	degrevlex		60		ok	0	0.393732	0.393732	2026-05-16T09:19:52Z	2026-05-16T09:19:52Z	DESKTOP-RAOJN57	Windows-10-10.0.19045-SP0	Intel64 Family 6 Model 142 Stepping 10, GenuineIntel	AMD64	8	64	3.10.0	results/apply_vs_axf4__gentle_ember_seal/logs/apply-cyclic-2-axf4-t1.log	"""C:\projects\Alexander Demin\gb_benchmarks\axgrob\axf4.exe"" -p 2147483647 -v [z1,z2] -t 1 C:\Users\User\AppData\Local\Temp\gbbench-axf4-37dadx_d\cyclic_2.txt"
apply-cyclic-2-axf4-t8	apply_vs_axf4__gentle_ember_seal	apply-cyclic-2-axf4-t8	cyclic	cyclic-2	systems/cyclic/cyclic.md	9543940fa51f986c12030354f456065aeae1ae981d2d67f9d1522d99df462e01	systems/cyclic/txt/cyclic_2.txt	4792c90961eda17be6a20ad6c742b91dbea397967aa395ed7d49cca80bd53a06	axf4 -t 8	local-copy	axf4	8	GF(2147483647)	degrevlex		60		ok	0	0.043847	0.043847	2026-05-16T09:19:52Z	2026-05-16T09:19:52Z	DESKTOP-RAOJN57	Windows-10-10.0.19045-SP0	Intel64 Family 6 Model 142 Stepping 10, GenuineIntel	AMD64	8	64	3.10.0	results/apply_vs_axf4__gentle_ember_seal/logs/apply-cyclic-2-axf4-t8.log	"""C:\projects\Alexander Demin\gb_benchmarks\axgrob\axf4.exe"" -p 2147483647 -v [z1,z2] -t 8 C:\Users\User\AppData\Local\Temp\gbbench-axf4-chtru355\cyclic_2.txt"
apply-cyclic-3-groebner	apply_vs_axf4__gentle_ember_seal	apply-cyclic-3-groebner	cyclic	cyclic-3	systems/cyclic/cyclic.md	9543940fa51f986c12030354f456065aeae1ae981d2d67f9d1522d99df462e01	systems/cyclic/txt/cyclic_3.txt	abb72c9ef7dbc1e490e16b8c9bb3c6582e492fb2438a6f47573e4e063865f6e7	Groebner.groebner	0.10.3	groebner_jl	8	GF(2147483647)	degrevlex		60		ok	0	0.0002869	5.982933	2026-05-16T09:19:52Z	2026-05-16T09:19:58Z	DESKTOP-RAOJN57	Windows-10-10.0.19045-SP0	Intel64 Family 6 Model 142 Stepping 10, GenuineIntel	AMD64	8	64	3.10.0	results/apply_vs_axf4__gentle_ember_seal/logs/apply-cyclic-3-groebner.log	"C:\Users\User\AppData\Local\Microsoft\WindowsApps\julia.EXE --startup-file=no C:\Users\User\AppData\Local\Temp\gbbench-groebner-jl-q3_czvou\groebner_jl_worker.jl --input ""C:\projects\Alexander Demin\gb_benchmarks\systems\cyclic\txt\cyclic_3.txt"" --field GF(2147483647) --order degrevlex --threads 8 --method groebner"
apply-cyclic-3-groebner-apply	apply_vs_axf4__gentle_ember_seal	apply-cyclic-3-groebner-apply	cyclic	cyclic-3	systems/cyclic/cyclic.md	9543940fa51f986c12030354f456065aeae1ae981d2d67f9d1522d99df462e01	systems/cyclic/txt/cyclic_3.txt	abb72c9ef7dbc1e490e16b8c9bb3c6582e492fb2438a6f47573e4e063865f6e7	Groebner.groebner_apply!	0.10.3	groebner_jl	8	GF(2147483647)	degrevlex		60		ok	0	0.00081	6.261721	2026-05-16T09:19:58Z	2026-05-16T09:20:04Z	DESKTOP-RAOJN57	Windows-10-10.0.19045-SP0	Intel64 Family 6 Model 142 Stepping 10, GenuineIntel	AMD64	8	64	3.10.0	results/apply_vs_axf4__gentle_ember_seal/logs/apply-cyclic-3-groebner-apply.log	"C:\Users\User\AppData\Local\Microsoft\WindowsApps\julia.EXE --startup-file=no C:\Users\User\AppData\Local\Temp\gbbench-groebner-jl-q3_czvou\groebner_jl_worker.jl --input ""C:\projects\Alexander Demin\gb_benchmarks\systems\cyclic\txt\cyclic_3.txt"" --field GF(2147483647) --order degrevlex --threads 8 --method groebner_apply!"
apply-cyclic-3-axf4-t1	apply_vs_axf4__gentle_ember_seal	apply-cyclic-3-axf4-t1	cyclic	cyclic-3	systems/cyclic/cyclic.md	9543940fa51f986c12030354f456065aeae1ae981d2d67f9d1522d99df462e01	systems/cyclic/txt/cyclic_3.txt	abb72c9ef7dbc1e490e16b8c9bb3c6582e492fb2438a6f47573e4e063865f6e7	axf4 -t 1	local-copy	axf4	1	GF(2147483647)	degrevlex		60		ok	0	0.070312	0.070312	2026-05-16T09:20:04Z	2026-05-16T09:20:04Z	DESKTOP-RAOJN57	Windows-10-10.0.19045-SP0	Intel64 Family 6 Model 142 Stepping 10, GenuineIntel	AMD64	8	64	3.10.0	results/apply_vs_axf4__gentle_ember_seal/logs/apply-cyclic-3-axf4-t1.log	"""C:\projects\Alexander Demin\gb_benchmarks\axgrob\axf4.exe"" -p 2147483647 -v [z1,z2,z3] -t 1 C:\Users\User\AppData\Local\Temp\gbbench-axf4-z8d51d2g\cyclic_3.txt"
apply-cyclic-3-axf4-t8	apply_vs_axf4__gentle_ember_seal	apply-cyclic-3-axf4-t8	cyclic	cyclic-3	systems/cyclic/cyclic.md	9543940fa51f986c12030354f456065aeae1ae981d2d67f9d1522d99df462e01	systems/cyclic/txt/cyclic_3.txt	abb72c9ef7dbc1e490e16b8c9bb3c6582e492fb2438a6f47573e4e063865f6e7	axf4 -t 8	local-copy	axf4	8	GF(2147483647)	degrevlex		60		ok	0	0.037135	0.037135	2026-05-16T09:20:04Z	2026-05-16T09:20:05Z	DESKTOP-RAOJN57	Windows-10-10.0.19045-SP0	Intel64 Family 6 Model 142 Stepping 10, GenuineIntel	AMD64	8	64	3.10.0	results/apply_vs_axf4__gentle_ember_seal/logs/apply-cyclic-3-axf4-t8.log	"""C:\projects\Alexander Demin\gb_benchmarks\axgrob\axf4.exe"" -p 2147483647 -v [z1,z2,z3] -t 8 C:\Users\User\AppData\Local\Temp\gbbench-axf4-g10dkn7b\cyclic_3.txt"
apply-cyclic-4-groebner	apply_vs_axf4__gentle_ember_seal	apply-cyclic-4-groebner	cyclic	cyclic-4	systems/cyclic/cyclic.md	9543940fa51f986c12030354f456065aeae1ae981d2d67f9d1522d99df462e01	systems/cyclic/txt/cyclic_4.txt	7a4521a562785fa6424adde18092aaa7d53f377fa937235bd6b26f4059f25321	Groebner.groebner	0.10.3	groebner_jl	8	GF(2147483647)	degrevlex		60		ok	0	0.0008591	7.443903	2026-05-16T09:20:05Z	2026-05-16T09:20:12Z	DESKTOP-RAOJN57	Windows-10-10.0.19045-SP0	Intel64 Family 6 Model 142 Stepping 10, GenuineIntel	AMD64	8	64	3.10.0	results/apply_vs_axf4__gentle_ember_seal/logs/apply-cyclic-4-groebner.log	"C:\Users\User\AppData\Local\Microsoft\WindowsApps\julia.EXE --startup-file=no C:\Users\User\AppData\Local\Temp\gbbench-groebner-jl-q3_czvou\groebner_jl_worker.jl --input ""C:\projects\Alexander Demin\gb_benchmarks\systems\cyclic\txt\cyclic_4.txt"" --field GF(2147483647) --order degrevlex --threads 8 --method groebner"
apply-cyclic-4-groebner-apply	apply_vs_axf4__gentle_ember_seal	apply-cyclic-4-groebner-apply	cyclic	cyclic-4	systems/cyclic/cyclic.md	9543940fa51f986c12030354f456065aeae1ae981d2d67f9d1522d99df462e01	systems/cyclic/txt/cyclic_4.txt	7a4521a562785fa6424adde18092aaa7d53f377fa937235bd6b26f4059f25321	Groebner.groebner_apply!	0.10.3	groebner_jl	8	GF(2147483647)	degrevlex		60		ok	0	0.0003894	11.032985	2026-05-16T09:20:12Z	2026-05-16T09:20:23Z	DESKTOP-RAOJN57	Windows-10-10.0.19045-SP0	Intel64 Family 6 Model 142 Stepping 10, GenuineIntel	AMD64	8	64	3.10.0	results/apply_vs_axf4__gentle_ember_seal/logs/apply-cyclic-4-groebner-apply.log	"C:\Users\User\AppData\Local\Microsoft\WindowsApps\julia.EXE --startup-file=no C:\Users\User\AppData\Local\Temp\gbbench-groebner-jl-q3_czvou\groebner_jl_worker.jl --input ""C:\projects\Alexander Demin\gb_benchmarks\systems\cyclic\txt\cyclic_4.txt"" --field GF(2147483647) --order degrevlex --threads 8 --method groebner_apply!"
apply-cyclic-4-axf4-t1	apply_vs_axf4__gentle_ember_seal	apply-cyclic-4-axf4-t1	cyclic	cyclic-4	systems/cyclic/cyclic.md	9543940fa51f986c12030354f456065aeae1ae981d2d67f9d1522d99df462e01	systems/cyclic/txt/cyclic_4.txt	7a4521a562785fa6424adde18092aaa7d53f377fa937235bd6b26f4059f25321	axf4 -t 1	local-copy	axf4	1	GF(2147483647)	degrevlex		60		ok	0	0.081622	0.081622	2026-05-16T09:20:23Z	2026-05-16T09:20:23Z	DESKTOP-RAOJN57	Windows-10-10.0.19045-SP0	Intel64 Family 6 Model 142 Stepping 10, GenuineIntel	AMD64	8	64	3.10.0	results/apply_vs_axf4__gentle_ember_seal/logs/apply-cyclic-4-axf4-t1.log	"""C:\projects\Alexander Demin\gb_benchmarks\axgrob\axf4.exe"" -p 2147483647 -v [z1,z2,z3,z4] -t 1 C:\Users\User\AppData\Local\Temp\gbbench-axf4-788mp_4k\cyclic_4.txt"
apply-cyclic-4-axf4-t8	apply_vs_axf4__gentle_ember_seal	apply-cyclic-4-axf4-t8	cyclic	cyclic-4	systems/cyclic/cyclic.md	9543940fa51f986c12030354f456065aeae1ae981d2d67f9d1522d99df462e01	systems/cyclic/txt/cyclic_4.txt	7a4521a562785fa6424adde18092aaa7d53f377fa937235bd6b26f4059f25321	axf4 -t 8	local-copy	axf4	8	GF(2147483647)	degrevlex		60		ok	0	0.055770	0.055770	2026-05-16T09:20:23Z	2026-05-16T09:20:23Z	DESKTOP-RAOJN57	Windows-10-10.0.19045-SP0	Intel64 Family 6 Model 142 Stepping 10, GenuineIntel	AMD64	8	64	3.10.0	results/apply_vs_axf4__gentle_ember_seal/logs/apply-cyclic-4-axf4-t8.log	"""C:\projects\Alexander Demin\gb_benchmarks\axgrob\axf4.exe"" -p 2147483647 -v [z1,z2,z3,z4] -t 8 C:\Users\User\AppData\Local\Temp\gbbench-axf4-r07f5dff\cyclic_4.txt"
apply-eco-2-groebner	apply_vs_axf4__gentle_ember_seal	apply-eco-2-groebner	eco	eco-2	systems/eco/eco.md	978d5db6b8d27c588bb6a9fe6f2d1b56de7961e37ecb8d6a3dcfb2c8f34a7554	systems/eco/txt/eco_2.txt	5390f99db20ffa60d04ed179aa4100e0b5b4977f103142b28b50007128daa451	Groebner.groebner	0.10.3	groebner_jl	8	GF(2147483647)	degrevlex		60		ok	0	0.0001301	6.490981	2026-05-16T09:20:23Z	2026-05-16T09:20:30Z	DESKTOP-RAOJN57	Windows-10-10.0.19045-SP0	Intel64 Family 6 Model 142 Stepping 10, GenuineIntel	AMD64	8	64	3.10.0	results/apply_vs_axf4__gentle_ember_seal/logs/apply-eco-2-groebner.log	"C:\Users\User\AppData\Local\Microsoft\WindowsApps\julia.EXE --startup-file=no C:\Users\User\AppData\Local\Temp\gbbench-groebner-jl-q3_czvou\groebner_jl_worker.jl --input ""C:\projects\Alexander Demin\gb_benchmarks\systems\eco\txt\eco_2.txt"" --field GF(2147483647) --order degrevlex --threads 8 --method groebner"
apply-eco-2-groebner-apply	apply_vs_axf4__gentle_ember_seal	apply-eco-2-groebner-apply	eco	eco-2	systems/eco/eco.md	978d5db6b8d27c588bb6a9fe6f2d1b56de7961e37ecb8d6a3dcfb2c8f34a7554	systems/eco/txt/eco_2.txt	5390f99db20ffa60d04ed179aa4100e0b5b4977f103142b28b50007128daa451	Groebner.groebner_apply!	0.10.3	groebner_jl	8	GF(2147483647)	degrevlex		60		ok	0	8.96e-5	4.502727	2026-05-16T09:20:30Z	2026-05-16T09:20:34Z	DESKTOP-RAOJN57	Windows-10-10.0.19045-SP0	Intel64 Family 6 Model 142 Stepping 10, GenuineIntel	AMD64	8	64	3.10.0	results/apply_vs_axf4__gentle_ember_seal/logs/apply-eco-2-groebner-apply.log	"C:\Users\User\AppData\Local\Microsoft\WindowsApps\julia.EXE --startup-file=no C:\Users\User\AppData\Local\Temp\gbbench-groebner-jl-q3_czvou\groebner_jl_worker.jl --input ""C:\projects\Alexander Demin\gb_benchmarks\systems\eco\txt\eco_2.txt"" --field GF(2147483647) --order degrevlex --threads 8 --method groebner_apply!"
apply-eco-2-axf4-t1	apply_vs_axf4__gentle_ember_seal	apply-eco-2-axf4-t1	eco	eco-2	systems/eco/eco.md	978d5db6b8d27c588bb6a9fe6f2d1b56de7961e37ecb8d6a3dcfb2c8f34a7554	systems/eco/txt/eco_2.txt	5390f99db20ffa60d04ed179aa4100e0b5b4977f103142b28b50007128daa451	axf4 -t 1	local-copy	axf4	1	GF(2147483647)	degrevlex		60		ok	0	0.047852	0.047852	2026-05-16T09:20:34Z	2026-05-16T09:20:34Z	DESKTOP-RAOJN57	Windows-10-10.0.19045-SP0	Intel64 Family 6 Model 142 Stepping 10, GenuineIntel	AMD64	8	64	3.10.0	results/apply_vs_axf4__gentle_ember_seal/logs/apply-eco-2-axf4-t1.log	"""C:\projects\Alexander Demin\gb_benchmarks\axgrob\axf4.exe"" -p 2147483647 -v [x1,x2] -t 1 C:\Users\User\AppData\Local\Temp\gbbench-axf4-0cwn7yev\eco_2.txt"
apply-eco-2-axf4-t8	apply_vs_axf4__gentle_ember_seal	apply-eco-2-axf4-t8	eco	eco-2	systems/eco/eco.md	978d5db6b8d27c588bb6a9fe6f2d1b56de7961e37ecb8d6a3dcfb2c8f34a7554	systems/eco/txt/eco_2.txt	5390f99db20ffa60d04ed179aa4100e0b5b4977f103142b28b50007128daa451	axf4 -t 8	local-copy	axf4	8	GF(2147483647)	degrevlex		60		ok	0	0.030312	0.030312	2026-05-16T09:20:34Z	2026-05-16T09:20:34Z	DESKTOP-RAOJN57	Windows-10-10.0.19045-SP0	Intel64 Family 6 Model 142 Stepping 10, GenuineIntel	AMD64	8	64	3.10.0	results/apply_vs_axf4__gentle_ember_seal/logs/apply-eco-2-axf4-t8.log	"""C:\projects\Alexander Demin\gb_benchmarks\axgrob\axf4.exe"" -p 2147483647 -v [x1,x2] -t 8 C:\Users\User\AppData\Local\Temp\gbbench-axf4-7bb65y5a\eco_2.txt"
apply-eco-3-groebner	apply_vs_axf4__gentle_ember_seal	apply-eco-3-groebner	eco	eco-3	systems/eco/eco.md	978d5db6b8d27c588bb6a9fe6f2d1b56de7961e37ecb8d6a3dcfb2c8f34a7554	systems/eco/txt/eco_3.txt	dd1a21e18d97a3fc166390880df3c505c1fe7bad37ae6d850358f48d4821a77a	Groebner.groebner	0.10.3	groebner_jl	8	GF(2147483647)	degrevlex		60		ok	0	0.0002405	4.573017	2026-05-16T09:20:34Z	2026-05-16T09:20:39Z	DESKTOP-RAOJN57	Windows-10-10.0.19045-SP0	Intel64 Family 6 Model 142 Stepping 10, GenuineIntel	AMD64	8	64	3.10.0	results/apply_vs_axf4__gentle_ember_seal/logs/apply-eco-3-groebner.log	"C:\Users\User\AppData\Local\Microsoft\WindowsApps\julia.EXE --startup-file=no C:\Users\User\AppData\Local\Temp\gbbench-groebner-jl-q3_czvou\groebner_jl_worker.jl --input ""C:\projects\Alexander Demin\gb_benchmarks\systems\eco\txt\eco_3.txt"" --field GF(2147483647) --order degrevlex --threads 8 --method groebner"
apply-eco-3-groebner-apply	apply_vs_axf4__gentle_ember_seal	apply-eco-3-groebner-apply	eco	eco-3	systems/eco/eco.md	978d5db6b8d27c588bb6a9fe6f2d1b56de7961e37ecb8d6a3dcfb2c8f34a7554	systems/eco/txt/eco_3.txt	dd1a21e18d97a3fc166390880df3c505c1fe7bad37ae6d850358f48d4821a77a	Groebner.groebner_apply!	0.10.3	groebner_jl	8	GF(2147483647)	degrevlex		60		ok	0	0.0001027	4.634103	2026-05-16T09:20:39Z	2026-05-16T09:20:43Z	DESKTOP-RAOJN57	Windows-10-10.0.19045-SP0	Intel64 Family 6 Model 142 Stepping 10, GenuineIntel	AMD64	8	64	3.10.0	results/apply_vs_axf4__gentle_ember_seal/logs/apply-eco-3-groebner-apply.log	"C:\Users\User\AppData\Local\Microsoft\WindowsApps\julia.EXE --startup-file=no C:\Users\User\AppData\Local\Temp\gbbench-groebner-jl-q3_czvou\groebner_jl_worker.jl --input ""C:\projects\Alexander Demin\gb_benchmarks\systems\eco\txt\eco_3.txt"" --field GF(2147483647) --order degrevlex --threads 8 --method groebner_apply!"
apply-eco-3-axf4-t1	apply_vs_axf4__gentle_ember_seal	apply-eco-3-axf4-t1	eco	eco-3	systems/eco/eco.md	978d5db6b8d27c588bb6a9fe6f2d1b56de7961e37ecb8d6a3dcfb2c8f34a7554	systems/eco/txt/eco_3.txt	dd1a21e18d97a3fc166390880df3c505c1fe7bad37ae6d850358f48d4821a77a	axf4 -t 1	local-copy	axf4	1	GF(2147483647)	degrevlex		60		ok	0	0.056648	0.056648	2026-05-16T09:20:43Z	2026-05-16T09:20:44Z	DESKTOP-RAOJN57	Windows-10-10.0.19045-SP0	Intel64 Family 6 Model 142 Stepping 10, GenuineIntel	AMD64	8	64	3.10.0	results/apply_vs_axf4__gentle_ember_seal/logs/apply-eco-3-axf4-t1.log	"""C:\projects\Alexander Demin\gb_benchmarks\axgrob\axf4.exe"" -p 2147483647 -v [x1,x2,x3] -t 1 C:\Users\User\AppData\Local\Temp\gbbench-axf4-2nfmbqwp\eco_3.txt"
apply-eco-3-axf4-t8	apply_vs_axf4__gentle_ember_seal	apply-eco-3-axf4-t8	eco	eco-3	systems/eco/eco.md	978d5db6b8d27c588bb6a9fe6f2d1b56de7961e37ecb8d6a3dcfb2c8f34a7554	systems/eco/txt/eco_3.txt	dd1a21e18d97a3fc166390880df3c505c1fe7bad37ae6d850358f48d4821a77a	axf4 -t 8	local-copy	axf4	8	GF(2147483647)	degrevlex		60		ok	0	0.036132	0.036132	2026-05-16T09:20:44Z	2026-05-16T09:20:44Z	DESKTOP-RAOJN57	Windows-10-10.0.19045-SP0	Intel64 Family 6 Model 142 Stepping 10, GenuineIntel	AMD64	8	64	3.10.0	results/apply_vs_axf4__gentle_ember_seal/logs/apply-eco-3-axf4-t8.log	"""C:\projects\Alexander Demin\gb_benchmarks\axgrob\axf4.exe"" -p 2147483647 -v [x1,x2,x3] -t 8 C:\Users\User\AppData\Local\Temp\gbbench-axf4-auy1e0af\eco_3.txt"
apply-eco-4-groebner	apply_vs_axf4__gentle_ember_seal	apply-eco-4-groebner	eco	eco-4	systems/eco/eco.md	978d5db6b8d27c588bb6a9fe6f2d1b56de7961e37ecb8d6a3dcfb2c8f34a7554	systems/eco/txt/eco_4.txt	c317bf84369bc42510f18e5d5723297c38b52fad24783adc5c6523722517eade	Groebner.groebner	0.10.3	groebner_jl	8	GF(2147483647)	degrevlex		60		ok	0	0.0002923	5.022891	2026-05-16T09:20:44Z	2026-05-16T09:20:49Z	DESKTOP-RAOJN57	Windows-10-10.0.19045-SP0	Intel64 Family 6 Model 142 Stepping 10, GenuineIntel	AMD64	8	64	3.10.0	results/apply_vs_axf4__gentle_ember_seal/logs/apply-eco-4-groebner.log	"C:\Users\User\AppData\Local\Microsoft\WindowsApps\julia.EXE --startup-file=no C:\Users\User\AppData\Local\Temp\gbbench-groebner-jl-q3_czvou\groebner_jl_worker.jl --input ""C:\projects\Alexander Demin\gb_benchmarks\systems\eco\txt\eco_4.txt"" --field GF(2147483647) --order degrevlex --threads 8 --method groebner"
apply-eco-4-groebner-apply	apply_vs_axf4__gentle_ember_seal	apply-eco-4-groebner-apply	eco	eco-4	systems/eco/eco.md	978d5db6b8d27c588bb6a9fe6f2d1b56de7961e37ecb8d6a3dcfb2c8f34a7554	systems/eco/txt/eco_4.txt	c317bf84369bc42510f18e5d5723297c38b52fad24783adc5c6523722517eade	Groebner.groebner_apply!	0.10.3	groebner_jl	8	GF(2147483647)	degrevlex		60		ok	0	0.0001791	4.740225	2026-05-16T09:20:49Z	2026-05-16T09:20:53Z	DESKTOP-RAOJN57	Windows-10-10.0.19045-SP0	Intel64 Family 6 Model 142 Stepping 10, GenuineIntel	AMD64	8	64	3.10.0	results/apply_vs_axf4__gentle_ember_seal/logs/apply-eco-4-groebner-apply.log	"C:\Users\User\AppData\Local\Microsoft\WindowsApps\julia.EXE --startup-file=no C:\Users\User\AppData\Local\Temp\gbbench-groebner-jl-q3_czvou\groebner_jl_worker.jl --input ""C:\projects\Alexander Demin\gb_benchmarks\systems\eco\txt\eco_4.txt"" --field GF(2147483647) --order degrevlex --threads 8 --method groebner_apply!"
apply-eco-4-axf4-t1	apply_vs_axf4__gentle_ember_seal	apply-eco-4-axf4-t1	eco	eco-4	systems/eco/eco.md	978d5db6b8d27c588bb6a9fe6f2d1b56de7961e37ecb8d6a3dcfb2c8f34a7554	systems/eco/txt/eco_4.txt	c317bf84369bc42510f18e5d5723297c38b52fad24783adc5c6523722517eade	axf4 -t 1	local-copy	axf4	1	GF(2147483647)	degrevlex		60		ok	0	0.066113	0.066113	2026-05-16T09:20:53Z	2026-05-16T09:20:53Z	DESKTOP-RAOJN57	Windows-10-10.0.19045-SP0	Intel64 Family 6 Model 142 Stepping 10, GenuineIntel	AMD64	8	64	3.10.0	results/apply_vs_axf4__gentle_ember_seal/logs/apply-eco-4-axf4-t1.log	"""C:\projects\Alexander Demin\gb_benchmarks\axgrob\axf4.exe"" -p 2147483647 -v [x1,x2,x3,x4] -t 1 C:\Users\User\AppData\Local\Temp\gbbench-axf4-cv59glsm\eco_4.txt"
apply-eco-4-axf4-t8	apply_vs_axf4__gentle_ember_seal	apply-eco-4-axf4-t8	eco	eco-4	systems/eco/eco.md	978d5db6b8d27c588bb6a9fe6f2d1b56de7961e37ecb8d6a3dcfb2c8f34a7554	systems/eco/txt/eco_4.txt	c317bf84369bc42510f18e5d5723297c38b52fad24783adc5c6523722517eade	axf4 -t 8	local-copy	axf4	8	GF(2147483647)	degrevlex		60		ok	0	0.055177	0.055177	2026-05-16T09:20:53Z	2026-05-16T09:20:53Z	DESKTOP-RAOJN57	Windows-10-10.0.19045-SP0	Intel64 Family 6 Model 142 Stepping 10, GenuineIntel	AMD64	8	64	3.10.0	results/apply_vs_axf4__gentle_ember_seal/logs/apply-eco-4-axf4-t8.log	"""C:\projects\Alexander Demin\gb_benchmarks\axgrob\axf4.exe"" -p 2147483647 -v [x1,x2,x3,x4] -t 8 C:\Users\User\AppData\Local\Temp\gbbench-axf4-dr55uovq\eco_4.txt"
apply-noon-2-groebner	apply_vs_axf4__gentle_ember_seal	apply-noon-2-groebner	noon	noon-2	systems/noon/noon.md	7334b5d5b7f4dffdfaa7472749b342bb01253d58724f79b42f7f0529df48928c	systems/noon/txt/noon_2.txt	d1b0a399c3c7d4828f4b46b1cbd389122fa440f1d08e11cb05d4878cafb4d182	Groebner.groebner	0.10.3	groebner_jl	8	GF(2147483647)	degrevlex		60		ok	0	0.000166	4.763458	2026-05-16T09:20:53Z	2026-05-16T09:20:58Z	DESKTOP-RAOJN57	Windows-10-10.0.19045-SP0	Intel64 Family 6 Model 142 Stepping 10, GenuineIntel	AMD64	8	64	3.10.0	results/apply_vs_axf4__gentle_ember_seal/logs/apply-noon-2-groebner.log	"C:\Users\User\AppData\Local\Microsoft\WindowsApps\julia.EXE --startup-file=no C:\Users\User\AppData\Local\Temp\gbbench-groebner-jl-q3_czvou\groebner_jl_worker.jl --input ""C:\projects\Alexander Demin\gb_benchmarks\systems\noon\txt\noon_2.txt"" --field GF(2147483647) --order degrevlex --threads 8 --method groebner"
apply-noon-2-groebner-apply	apply_vs_axf4__gentle_ember_seal	apply-noon-2-groebner-apply	noon	noon-2	systems/noon/noon.md	7334b5d5b7f4dffdfaa7472749b342bb01253d58724f79b42f7f0529df48928c	systems/noon/txt/noon_2.txt	d1b0a399c3c7d4828f4b46b1cbd389122fa440f1d08e11cb05d4878cafb4d182	Groebner.groebner_apply!	0.10.3	groebner_jl	8	GF(2147483647)	degrevlex		60		ok	0	0.0001249	5.433315	2026-05-16T09:20:58Z	2026-05-16T09:21:04Z	DESKTOP-RAOJN57	Windows-10-10.0.19045-SP0	Intel64 Family 6 Model 142 Stepping 10, GenuineIntel	AMD64	8	64	3.10.0	results/apply_vs_axf4__gentle_ember_seal/logs/apply-noon-2-groebner-apply.log	"C:\Users\User\AppData\Local\Microsoft\WindowsApps\julia.EXE --startup-file=no C:\Users\User\AppData\Local\Temp\gbbench-groebner-jl-q3_czvou\groebner_jl_worker.jl --input ""C:\projects\Alexander Demin\gb_benchmarks\systems\noon\txt\noon_2.txt"" --field GF(2147483647) --order degrevlex --threads 8 --method groebner_apply!"
apply-noon-2-axf4-t1	apply_vs_axf4__gentle_ember_seal	apply-noon-2-axf4-t1	noon	noon-2	systems/noon/noon.md	7334b5d5b7f4dffdfaa7472749b342bb01253d58724f79b42f7f0529df48928c	systems/noon/txt/noon_2.txt	d1b0a399c3c7d4828f4b46b1cbd389122fa440f1d08e11cb05d4878cafb4d182	axf4 -t 1	local-copy	axf4	1	GF(2147483647)	degrevlex		60		ok	0	0.078699	0.078699	2026-05-16T09:21:04Z	2026-05-16T09:21:04Z	DESKTOP-RAOJN57	Windows-10-10.0.19045-SP0	Intel64 Family 6 Model 142 Stepping 10, GenuineIntel	AMD64	8	64	3.10.0	results/apply_vs_axf4__gentle_ember_seal/logs/apply-noon-2-axf4-t1.log	"""C:\projects\Alexander Demin\gb_benchmarks\axgrob\axf4.exe"" -p 2147483647 -v [x1,x2] -t 1 C:\Users\User\AppData\Local\Temp\gbbench-axf4-heo9scyg\noon_2.txt"
apply-noon-2-axf4-t8	apply_vs_axf4__gentle_ember_seal	apply-noon-2-axf4-t8	noon	noon-2	systems/noon/noon.md	7334b5d5b7f4dffdfaa7472749b342bb01253d58724f79b42f7f0529df48928c	systems/noon/txt/noon_2.txt	d1b0a399c3c7d4828f4b46b1cbd389122fa440f1d08e11cb05d4878cafb4d182	axf4 -t 8	local-copy	axf4	8	GF(2147483647)	degrevlex		60		ok	0	0.045532	0.045532	2026-05-16T09:21:04Z	2026-05-16T09:21:04Z	DESKTOP-RAOJN57	Windows-10-10.0.19045-SP0	Intel64 Family 6 Model 142 Stepping 10, GenuineIntel	AMD64	8	64	3.10.0	results/apply_vs_axf4__gentle_ember_seal/logs/apply-noon-2-axf4-t8.log	"""C:\projects\Alexander Demin\gb_benchmarks\axgrob\axf4.exe"" -p 2147483647 -v [x1,x2] -t 8 C:\Users\User\AppData\Local\Temp\gbbench-axf4-wh6rgeu5\noon_2.txt"
apply-noon-3-groebner	apply_vs_axf4__gentle_ember_seal	apply-noon-3-groebner	noon	noon-3	systems/noon/noon.md	7334b5d5b7f4dffdfaa7472749b342bb01253d58724f79b42f7f0529df48928c	systems/noon/txt/noon_3.txt	8d90c59a25d7ae2befde8c725145c26be01608ef9fa11032577e9472b8ee98c4	Groebner.groebner	0.10.3	groebner_jl	8	GF(2147483647)	degrevlex		60		ok	0	0.0003263	5.800322	2026-05-16T09:21:04Z	2026-05-16T09:21:10Z	DESKTOP-RAOJN57	Windows-10-10.0.19045-SP0	Intel64 Family 6 Model 142 Stepping 10, GenuineIntel	AMD64	8	64	3.10.0	results/apply_vs_axf4__gentle_ember_seal/logs/apply-noon-3-groebner.log	"C:\Users\User\AppData\Local\Microsoft\WindowsApps\julia.EXE --startup-file=no C:\Users\User\AppData\Local\Temp\gbbench-groebner-jl-q3_czvou\groebner_jl_worker.jl --input ""C:\projects\Alexander Demin\gb_benchmarks\systems\noon\txt\noon_3.txt"" --field GF(2147483647) --order degrevlex --threads 8 --method groebner"
apply-noon-3-groebner-apply	apply_vs_axf4__gentle_ember_seal	apply-noon-3-groebner-apply	noon	noon-3	systems/noon/noon.md	7334b5d5b7f4dffdfaa7472749b342bb01253d58724f79b42f7f0529df48928c	systems/noon/txt/noon_3.txt	8d90c59a25d7ae2befde8c725145c26be01608ef9fa11032577e9472b8ee98c4	Groebner.groebner_apply!	0.10.3	groebner_jl	8	GF(2147483647)	degrevlex		60		ok	0	0.0001988	4.684770	2026-05-16T09:21:10Z	2026-05-16T09:21:14Z	DESKTOP-RAOJN57	Windows-10-10.0.19045-SP0	Intel64 Family 6 Model 142 Stepping 10, GenuineIntel	AMD64	8	64	3.10.0	results/apply_vs_axf4__gentle_ember_seal/logs/apply-noon-3-groebner-apply.log	"C:\Users\User\AppData\Local\Microsoft\WindowsApps\julia.EXE --startup-file=no C:\Users\User\AppData\Local\Temp\gbbench-groebner-jl-q3_czvou\groebner_jl_worker.jl --input ""C:\projects\Alexander Demin\gb_benchmarks\systems\noon\txt\noon_3.txt"" --field GF(2147483647) --order degrevlex --threads 8 --method groebner_apply!"
apply-noon-3-axf4-t1	apply_vs_axf4__gentle_ember_seal	apply-noon-3-axf4-t1	noon	noon-3	systems/noon/noon.md	7334b5d5b7f4dffdfaa7472749b342bb01253d58724f79b42f7f0529df48928c	systems/noon/txt/noon_3.txt	8d90c59a25d7ae2befde8c725145c26be01608ef9fa11032577e9472b8ee98c4	axf4 -t 1	local-copy	axf4	1	GF(2147483647)	degrevlex		60		ok	0	0.071987	0.071987	2026-05-16T09:21:14Z	2026-05-16T09:21:14Z	DESKTOP-RAOJN57	Windows-10-10.0.19045-SP0	Intel64 Family 6 Model 142 Stepping 10, GenuineIntel	AMD64	8	64	3.10.0	results/apply_vs_axf4__gentle_ember_seal/logs/apply-noon-3-axf4-t1.log	"""C:\projects\Alexander Demin\gb_benchmarks\axgrob\axf4.exe"" -p 2147483647 -v [x1,x2,x3] -t 1 C:\Users\User\AppData\Local\Temp\gbbench-axf4-5o6d1fxx\noon_3.txt"
apply-noon-3-axf4-t8	apply_vs_axf4__gentle_ember_seal	apply-noon-3-axf4-t8	noon	noon-3	systems/noon/noon.md	7334b5d5b7f4dffdfaa7472749b342bb01253d58724f79b42f7f0529df48928c	systems/noon/txt/noon_3.txt	8d90c59a25d7ae2befde8c725145c26be01608ef9fa11032577e9472b8ee98c4	axf4 -t 8	local-copy	axf4	8	GF(2147483647)	degrevlex		60		ok	0	0.055052	0.055052	2026-05-16T09:21:14Z	2026-05-16T09:21:14Z	DESKTOP-RAOJN57	Windows-10-10.0.19045-SP0	Intel64 Family 6 Model 142 Stepping 10, GenuineIntel	AMD64	8	64	3.10.0	results/apply_vs_axf4__gentle_ember_seal/logs/apply-noon-3-axf4-t8.log	"""C:\projects\Alexander Demin\gb_benchmarks\axgrob\axf4.exe"" -p 2147483647 -v [x1,x2,x3] -t 8 C:\Users\User\AppData\Local\Temp\gbbench-axf4-vghhjsud\noon_3.txt"
apply-noon-4-groebner	apply_vs_axf4__gentle_ember_seal	apply-noon-4-groebner	noon	noon-4	systems/noon/noon.md	7334b5d5b7f4dffdfaa7472749b342bb01253d58724f79b42f7f0529df48928c	systems/noon/txt/noon_4.txt	081fd5c5f5cc91cd0cfd73c1ff127ab96d20723f212f90b9089d589ce711feb1	Groebner.groebner	0.10.3	groebner_jl	8	GF(2147483647)	degrevlex		60		ok	0	0.0016688	5.038055	2026-05-16T09:21:14Z	2026-05-16T09:21:19Z	DESKTOP-RAOJN57	Windows-10-10.0.19045-SP0	Intel64 Family 6 Model 142 Stepping 10, GenuineIntel	AMD64	8	64	3.10.0	results/apply_vs_axf4__gentle_ember_seal/logs/apply-noon-4-groebner.log	"C:\Users\User\AppData\Local\Microsoft\WindowsApps\julia.EXE --startup-file=no C:\Users\User\AppData\Local\Temp\gbbench-groebner-jl-q3_czvou\groebner_jl_worker.jl --input ""C:\projects\Alexander Demin\gb_benchmarks\systems\noon\txt\noon_4.txt"" --field GF(2147483647) --order degrevlex --threads 8 --method groebner"
apply-noon-4-groebner-apply	apply_vs_axf4__gentle_ember_seal	apply-noon-4-groebner-apply	noon	noon-4	systems/noon/noon.md	7334b5d5b7f4dffdfaa7472749b342bb01253d58724f79b42f7f0529df48928c	systems/noon/txt/noon_4.txt	081fd5c5f5cc91cd0cfd73c1ff127ab96d20723f212f90b9089d589ce711feb1	Groebner.groebner_apply!	0.10.3	groebner_jl	8	GF(2147483647)	degrevlex		60		ok	0	0.0018555	5.149176	2026-05-16T09:21:19Z	2026-05-16T09:21:25Z	DESKTOP-RAOJN57	Windows-10-10.0.19045-SP0	Intel64 Family 6 Model 142 Stepping 10, GenuineIntel	AMD64	8	64	3.10.0	results/apply_vs_axf4__gentle_ember_seal/logs/apply-noon-4-groebner-apply.log	"C:\Users\User\AppData\Local\Microsoft\WindowsApps\julia.EXE --startup-file=no C:\Users\User\AppData\Local\Temp\gbbench-groebner-jl-q3_czvou\groebner_jl_worker.jl --input ""C:\projects\Alexander Demin\gb_benchmarks\systems\noon\txt\noon_4.txt"" --field GF(2147483647) --order degrevlex --threads 8 --method groebner_apply!"
apply-noon-4-axf4-t1	apply_vs_axf4__gentle_ember_seal	apply-noon-4-axf4-t1	noon	noon-4	systems/noon/noon.md	7334b5d5b7f4dffdfaa7472749b342bb01253d58724f79b42f7f0529df48928c	systems/noon/txt/noon_4.txt	081fd5c5f5cc91cd0cfd73c1ff127ab96d20723f212f90b9089d589ce711feb1	axf4 -t 1	local-copy	axf4	1	GF(2147483647)	degrevlex		60		ok	0	0.109697	0.109697	2026-05-16T09:21:25Z	2026-05-16T09:21:25Z	DESKTOP-RAOJN57	Windows-10-10.0.19045-SP0	Intel64 Family 6 Model 142 Stepping 10, GenuineIntel	AMD64	8	64	3.10.0	results/apply_vs_axf4__gentle_ember_seal/logs/apply-noon-4-axf4-t1.log	"""C:\projects\Alexander Demin\gb_benchmarks\axgrob\axf4.exe"" -p 2147483647 -v [x1,x2,x3,x4] -t 1 C:\Users\User\AppData\Local\Temp\gbbench-axf4-dxaypa_c\noon_4.txt"
apply-noon-4-axf4-t8	apply_vs_axf4__gentle_ember_seal	apply-noon-4-axf4-t8	noon	noon-4	systems/noon/noon.md	7334b5d5b7f4dffdfaa7472749b342bb01253d58724f79b42f7f0529df48928c	systems/noon/txt/noon_4.txt	081fd5c5f5cc91cd0cfd73c1ff127ab96d20723f212f90b9089d589ce711feb1	axf4 -t 8	local-copy	axf4	8	GF(2147483647)	degrevlex		60		ok	0	0.068282	0.068282	2026-05-16T09:21:25Z	2026-05-16T09:21:25Z	DESKTOP-RAOJN57	Windows-10-10.0.19045-SP0	Intel64 Family 6 Model 142 Stepping 10, GenuineIntel	AMD64	8	64	3.10.0	results/apply_vs_axf4__gentle_ember_seal/logs/apply-noon-4-axf4-t8.log	"""C:\projects\Alexander Demin\gb_benchmarks\axgrob\axf4.exe"" -p 2147483647 -v [x1,x2,x3,x4] -t 8 C:\Users\User\AppData\Local\Temp\gbbench-axf4-oie5ssp3\noon_4.txt"
